id,title,source,status,scope,finding,severity,source_sha256
N415,FP2: Equipping Robotic Foundation Models with Force Control,https://arxiv.org/abs/2609.37433,claim-checked,Abstract and targeted method/results passages; metadata checked separately by arxiv_meta; not independent replication,No substantive discrepancy found in mechanism/setting/numbers checked,none,7187cc0e1562d9e4a6e720b9187bdec5398b44aad00f9efe24aad04d9a416c1a
N413,Track-and-Complete: Learning Humanoid Skills from a Single Failed Human Video,https://arxiv.org/abs/2609.36924,claim-checked,Abstract and targeted method/results passages; metadata checked separately by arxiv_meta; not independent replication,No substantive discrepancy found in mechanism/setting/numbers checked,none,253069f7dd8aa69f0b6275cf8ce2aceb18768712d790ec2f09b43cfcc48c550b
N412,Counterfactual Video Generation Enables Scalable Humanoid Loco-Manipulation,https://arxiv.org/abs/2609.38172,corrected,Abstract and targeted method/results passages; metadata checked separately by arxiv_meta; not independent replication,Depth-only deployment description omits joystick control; remove unneeded conference label. Primary introduction explicitly describes a depth-based policy with joystick control for zero-shot deployment.,minor,37f8acb94c91572a7e0fedaae8e95d4a3c51cafbca74984fd70f3b0eb861cf2d
N408,Encore: Few-Shot Agentic Discovery of Manipulation Strategies,https://arxiv.org/abs/2609.37359,claim-checked,Abstract and targeted method/results passages; metadata checked separately by arxiv_meta; not independent replication,No substantive discrepancy found in mechanism/setting/numbers checked,none,c392eae4c189bb24d3055b77e9dfa7ffa4d755365d655281f1de7925ed6dede4
N388,T²Mem: Learning Test-Time Memory for Robotics,https://arxiv.org/abs/2609.36720,claim-checked,Abstract and targeted method/results passages; metadata checked separately by arxiv_meta; not independent replication,No substantive discrepancy found in mechanism/setting/numbers checked,none,0c903841f19c9816258a7b11e369e763e5375aa718c4ae90cccf3b85a50d527f
N382,Lucid Dreaming for World Models: Learning to Doubt Imagination and Decide by Trust,https://arxiv.org/abs/2609.37156,claim-checked,Abstract and targeted method/results passages; metadata checked separately by arxiv_meta; not independent replication,No substantive discrepancy found in mechanism/setting/numbers checked,none,920ddb2b2aac5ac9f1b659d2e3e7920d147c04e7e3193dfc87b148ebc9c1c032
N367,RoXDrive: Closed-Loop Reinforcement Learning for End-to-End Autonomous Driving via Action-Faithful Rollouts,https://arxiv.org/abs/2609.36851,claim-checked,Abstract and targeted method/results passages; metadata checked separately by arxiv_meta; not independent replication,No substantive discrepancy found in mechanism/setting/numbers checked,none,42c77d4d7e015ce9be0f8a0e3d159fc00a796eeb93ddc27464d32bdf32916a32
N258,"Fine-Tuning on Self-Generated and Reward-Weighted Data: Learning Dynamics, Convergence Rates, and Benefits of Off-Policyness",https://arxiv.org/abs/2609.36945,claim-checked,Abstract and targeted method/results passages; metadata checked separately by arxiv_meta; not independent replication,No substantive discrepancy found in mechanism/setting/numbers checked,none,048313f5f725f038f7a3b1f2bc3971c295276f70f42c3a2a0054005768ec9e10
N250,"Explore, Execute, Evolve: A Skill Acquisition and Reuse Loop for Embodied Agents",https://arxiv.org/abs/2609.37810,claim-checked,Abstract and targeted method/results passages; metadata checked separately by arxiv_meta; not independent replication,No substantive discrepancy found in mechanism/setting/numbers checked,none,6f90822a5974dec1630801a52a7566d8a4cc9b5dc634eecabf6701ac12bf8afd
N242,"Real2Gym: Building Gyms from Videos, Bringing Skills to Robots",https://arxiv.org/abs/2609.37089,claim-checked,Abstract and targeted method/results passages; metadata checked separately by arxiv_meta; not independent replication,No substantive discrepancy found in mechanism/setting/numbers checked,none,60e4877d0d87a5e9c964567d883f09e81725e6c70d704b71e657f657dd7c69e5
N238,ProgressCompass: Embodied Progress Reward Models Are Lost Without the Right Context,https://arxiv.org/abs/2609.36684,claim-checked,Abstract and targeted method/results passages; metadata checked separately by arxiv_meta; not independent replication,No substantive discrepancy found in mechanism/setting/numbers checked,none,afced0100db778f454a7660b63db2b9a17eb2b6379b767b92cd746f8ad233d77
N232,Credit-Guided Policy Improvement for Test-time Adaptive Vision-Language Navigation,https://arxiv.org/abs/2609.37591,corrected,Abstract and targeted method/results passages; metadata checked separately by arxiv_meta; not independent replication,Updates to a frozen policy wording obscures which component is adapted. Primary introduction names a lightweight action reranker and says pretrained navigation policy remains frozen.,minor,a81460cb22d65fb682405c7e2ea771723f1bb5434d9a2ff1a11791c02a675554
N184,EasyPPO: Stabilizing the Critic Is Key,https://arxiv.org/abs/2609.36802,claim-checked,Abstract and targeted method/results passages; metadata checked separately by arxiv_meta; not independent replication,No substantive discrepancy found in mechanism/setting/numbers checked,none,07096db44eb46d29b2c08712c92a0d5827e319156b41f51360707d67e078d926
N136,RoboHarn-Evo: Evolving Hierarchical Physical Knowledge for Self-Improving Robotic Manipulation,https://arxiv.org/abs/2609.37583,claim-checked,Abstract and targeted method/results passages; metadata checked separately by arxiv_meta; not independent replication,No substantive discrepancy found in mechanism/setting/numbers checked,none,5018d7dbc3e52a91e7c9e8e7aa84029ee16295d2ef237c8190bf2414a549d63c
N093,TaRL: Learning General and Physical Rewards from Tactile Demonstrations,https://arxiv.org/abs/2609.36785,claim-checked,Abstract and targeted method/results passages; metadata checked separately by arxiv_meta; not independent replication,No substantive discrepancy found in mechanism/setting/numbers checked,none,7d934282406826dc0c445fb9dd54e4bd9322e4ac653f811beca2b5db669c78f2
N092,Video2STL: Grounding VLM-Generated Temporal Specifications for Robot Learning,https://arxiv.org/abs/2609.37519,claim-checked,Abstract and targeted method/results passages; metadata checked separately by arxiv_meta; not independent replication,No substantive discrepancy found in mechanism/setting/numbers checked,none,6dd11477b1a226be6f2b9960bd14db24fcf254bd685963d1aaf9ef550ecf2850
N071,"Spotter: Let the Embodied Model Lead, and the VLM Reflect for It",https://arxiv.org/abs/2609.36808,claim-checked,Abstract and targeted method/results passages; metadata checked separately by arxiv_meta; not independent replication,No substantive discrepancy found in mechanism/setting/numbers checked,none,2d5f99841b3a8f50b0c84376dedcd7ea7eadd9c70f347b23a4d2fb73439c0259
N069,Rho: A Foundation for Efficiently Adaptable VLA Models,https://arxiv.org/abs/2609.38164,claim-checked,Abstract and targeted method/results passages; metadata checked separately by arxiv_meta; not independent replication,No substantive discrepancy found in mechanism/setting/numbers checked,none,5f72a6d12f936ba5d059438a3c6761ea2dde2fd758ddf9cd90ca9e83b20b609a
N051,WorldLine: Action-Driven Visual Simulation for Robotic Manipulation,https://arxiv.org/abs/2609.38059,claim-checked,Abstract and targeted method/results passages; metadata checked separately by arxiv_meta; not independent replication,No substantive discrepancy found in mechanism/setting/numbers checked,none,4eee1de5e6cd28358ee04e8326e192be12ebf1ec42700175e5d5c5f98df1d116
N025,Taming VLAs under Robot Execution Errors: Self-Compensation and Stress Testing,https://arxiv.org/abs/2609.37334,claim-checked,Abstract and targeted method/results passages; metadata checked separately by arxiv_meta; not independent replication,No substantive discrepancy found in mechanism/setting/numbers checked,none,57ad38dc44622519d67a08a849fa6b793f634a8f3fca780f79eb7a3f616bf7f8
N016,EVO-WAM: Evolving World Action Models through Video-Action Verification,https://arxiv.org/abs/2609.38057,claim-checked,Abstract and targeted method/results passages; metadata checked separately by arxiv_meta; not independent replication,No substantive discrepancy found in mechanism/setting/numbers checked,none,dc160a31069e8c6a8dfbe37c2b97434dba4341c9a1d04be507efb5063505cef9
N004,Direct Experience World-Model Optimization: Learning the World Beyond Action Imitation,https://arxiv.org/abs/2609.37398,claim-checked,Abstract and targeted method/results passages; metadata checked separately by arxiv_meta; not independent replication,No substantive discrepancy found in mechanism/setting/numbers checked,none,af2e22c3d9614054d7742f9589eced68741e2f8562a34c98ff4192a6bf042ea0
C461,BlenDAgger: Blended Shared Control for Interactive Imitation Learning,https://arxiv.org/abs/2609.37599,claim-checked,Abstract and targeted method/results passages; metadata checked separately by arxiv_meta; not independent replication,No substantive discrepancy found in mechanism/setting/numbers checked,none,bc054aa3e1a7b24e26d7e16e0f4dbba30f4a58bd1b9a19a40ccf01c4b888b3a0
C455,Skill-Space Shooting for Autonomous Robot Policy Improvement,https://arxiv.org/abs/2609.38178,claim-checked,Abstract and targeted method/results passages; metadata checked separately by arxiv_meta; not independent replication,No substantive discrepancy found in mechanism/setting/numbers checked,none,b7050dd4d8de0b8ab4f3acc20065ee9f0e40e9374911f199bbccac6a28f15d3d
C450,PreferenceFlow: Test-Time Guidance of Flow-Matching Robot Policies from Human Interventions,https://arxiv.org/abs/2609.36872,claim-checked,Abstract and targeted method/results passages; metadata checked separately by arxiv_meta; not independent replication,No substantive discrepancy found in mechanism/setting/numbers checked,none,dcca4be2470dcbe62edcc5bd88e7f08e5410ef8e4e4792c1747c8bf794c46091
C449,ReF-HIL: Shaping the Critic around Human Action Neighborhoods for Efficient Human-in-the-Loop Reinforcement Learning,https://arxiv.org/abs/2609.37131,claim-checked,Abstract and targeted method/results passages; metadata checked separately by arxiv_meta; not independent replication,No substantive discrepancy found in mechanism/setting/numbers checked,none,2e43fe9f64b0cdedee6b5f7061e84d372e6cbac922ed179d92b92260b909ee8c
N411,DexAgent: An Agentic Human2Sim2Robot Framework for Dexterous Manipulation with Self-Evolving Tool Library,https://arxiv.org/abs/2609.35318,claim-checked,Abstract and targeted method/results passages; metadata checked separately by arxiv_meta; not independent replication,No substantive discrepancy found in mechanism/setting/numbers checked,none,a58b5367060c53211615065596c7d0ec5c2b66198fbb6363909d0d228937613a
N409,NavHarness: Towards Lifelong Embodied Navigation,https://arxiv.org/abs/2609.34276,claim-checked,Abstract and targeted method/results passages; metadata checked separately by arxiv_meta; not independent replication,No substantive discrepancy found in mechanism/setting/numbers checked,none,16da05eada1edb6842a31acec9a454085b700e455beb97cd868eba8bba24117c
N396,Sufficiency of Zeroth-Order Reward Shaping for Policy Gradient in Stabilization Control,https://arxiv.org/abs/2609.34695,claim-checked,Abstract and targeted method/results passages; metadata checked separately by arxiv_meta; not independent replication,No substantive discrepancy found in mechanism/setting/numbers checked,none,0d595141164bef5bc356e9988c1aa580918d8574e9a4ea5ebe7f584d801ee8c2
N383,EMPIRIC: Experiment-Driven Learning of Residual World Models for Robot Planning,https://arxiv.org/abs/2609.35047,claim-checked,Abstract and targeted method/results passages; metadata checked separately by arxiv_meta; not independent replication,No substantive discrepancy found in mechanism/setting/numbers checked,none,b9f4e9db85d399b40f1caedf3e98f70caa861feb1888d1c662e4764d5256a3d5
N251,QAMM: Adjoint MeanFlow Matching for Few-Step Offline Reinforcement Learning,https://arxiv.org/abs/2609.34497,claim-checked,Abstract and targeted method/results passages; metadata checked separately by arxiv_meta; not independent replication,No substantive discrepancy found in mechanism/setting/numbers checked,none,6fa34737aae91e6193998c895a061daa5d38b7789f2cce3e8132b7f5b8f783db
N233,Don't Throw Away the Tail: Action Upcycling for Policy Acceleration,https://arxiv.org/abs/2609.34911,claim-checked,Abstract and targeted method/results passages; metadata checked separately by arxiv_meta; not independent replication,No substantive discrepancy found in mechanism/setting/numbers checked,none,1df858c25b048c382a505d22bf0b30a9e168451e7bc73f51c8333f6d07b0c31a
N230,Zero-Shot Reactive Obstacle Avoidance for Generative Robot Policies,https://arxiv.org/abs/2609.35231,claim-checked,Abstract and targeted method/results passages; metadata checked separately by arxiv_meta; not independent replication,No substantive discrepancy found in mechanism/setting/numbers checked,none,b438ed0b0ac0e219a84eae45b75d0dc552a9959e0ffed5c33e79091110f60b4d
N187,Learning from Teacher Continuations at Student States,https://arxiv.org/abs/2609.36246,claim-checked,Abstract and targeted method/results passages; metadata checked separately by arxiv_meta; not independent replication,No substantive discrepancy found in mechanism/setting/numbers checked,none,55f4772cef4e563b35b3627315c030e355b1d79e95c9863234c7c7fd298e48ad
N137,Behavioral Foundation Models for Quality Diversity,https://arxiv.org/abs/2609.35615,claim-checked,Abstract and targeted method/results passages; metadata checked separately by arxiv_meta; not independent replication,No substantive discrepancy found in mechanism/setting/numbers checked,none,2c91216aefd24473c66b072daec125f0c8f0cf48d76849141ca132c39120e2fc
N128,Test-Time Adaptation of Manipulation Policies Under Actuator Degradation,https://arxiv.org/abs/2609.36182,claim-checked,Abstract and targeted method/results passages; metadata checked separately by arxiv_meta; not independent replication,No substantive discrepancy found in mechanism/setting/numbers checked,none,a28147d6db8ab1a8f33b2131bfd40c299766c0cbbd6fcc669e33970b90f9c68e
N127,Scouting the Dynamics Gap: Test-Time Policy Adaptation via Action-Outcome Feedback,https://arxiv.org/abs/2609.36107,claim-checked,Abstract and targeted method/results passages; metadata checked separately by arxiv_meta; not independent replication,No substantive discrepancy found in mechanism/setting/numbers checked,none,90185cf29487233383b8b408c6ebdf16a26b11265dc639f5c6cb374d6eef0325
N065,Action Chunking Proximal Policy Optimization with Feedback Correction,https://arxiv.org/abs/2609.36250,claim-checked,Abstract and targeted method/results passages; metadata checked separately by arxiv_meta; not independent replication,No substantive discrepancy found in mechanism/setting/numbers checked,none,b4d570e8dd531cdb827967e1f2fd81a0b049424a389bab6c5a78476884f8dcd6
N053,RefineDrive: Reliable Failure-Guided Learning for Vision-Language-Action Driving,https://arxiv.org/abs/2609.35078,corrected,Abstract and targeted method/results passages; metadata checked separately by arxiv_meta; not independent replication,v2 label omits that original NAVTEST scenes were evaluated with extended v2 metrics. Abstract explicitly names original NAVTEST scenes evaluated with NAVSIM v2 extended metrics.,minor,ca42c47592ee39f3fd015207bcf8813fbe72982403965353e692926063ae0a35
N019,WorldGuide: Learning Success-Failure Boundaries in Latent World Models for Vision-Language-Action Policies,https://arxiv.org/abs/2609.34206,claim-checked,Abstract and targeted method/results passages; metadata checked separately by arxiv_meta; not independent replication,No substantive discrepancy found in mechanism/setting/numbers checked,none,c83e052a85c39a8d6860c1741051ee82f65310ffeee28b5ab1f6831e974bb641
N008,WAM-OPD: Sharpening World Action Models via On-Policy Distillation,https://arxiv.org/abs/2609.34250,claim-checked,Abstract and targeted method/results passages; metadata checked separately by arxiv_meta; not independent replication,No substantive discrepancy found in mechanism/setting/numbers checked,none,aba0a69d892219ef583e5d33928ca381d43e73cb21550df16bbcf5b3cae6ff17
N007,Unified Trajectory Matching Policy Optimization: Diverse T2I Generation and VLA Generalization,https://arxiv.org/abs/2609.34688,claim-checked,Abstract and targeted method/results passages; metadata checked separately by arxiv_meta; not independent replication,No substantive discrepancy found in mechanism/setting/numbers checked,none,edd2dca7b6dae29aa632cd4c3271672304ae7c51e3a56561a75bb9861b8f3932
C464,StructRL: Online Structured Reinforcement Learning for Long-Horizon Vision-Language-Action Tasks,https://arxiv.org/abs/2609.36352,claim-checked,Abstract and targeted method/results passages; metadata checked separately by arxiv_meta; not independent replication,No substantive discrepancy found in mechanism/setting/numbers checked,none,e07c4cbb1663535ee453907c72c3bb3221e9dfaf9e860743b75b18139956dcc0
C459,Adjoint Guidance Flow: Amortized Critic Guidance for VLA Policies (AGF),https://arxiv.org/abs/2609.34944,claim-checked,Abstract and targeted method/results passages; metadata checked separately by arxiv_meta; not independent replication,No substantive discrepancy found in mechanism/setting/numbers checked,none,507ee1b9b1a5d9ef47386c8d27585ad0e7f6e08d2af517e8919208078ba3a559
C457,FailPatch: Failure Residual Patching for Vision-Language-Action Models,https://arxiv.org/abs/2609.34175,claim-checked,Abstract and targeted method/results passages; metadata checked separately by arxiv_meta; not independent replication,No substantive discrepancy found in mechanism/setting/numbers checked,none,05858545193f54f7d4aea5801cd94567024c3cded7e399b90408fbad7ab14e17
C442,ARS: Agentic Reward System for Robot Learning,https://arxiv.org/abs/2609.34484,claim-checked,Abstract and targeted method/results passages; metadata checked separately by arxiv_meta; not independent replication,No substantive discrepancy found in mechanism/setting/numbers checked,none,3a7fd51637f037200a9fec76eb8a62ff13145008f96b2eb9e1db2ce3a5b29667
C436,"F4R: Failure-Driven Recognition, Reconstruction, Refinement, and Redeployment for Continual Robot Self-Improvement",https://arxiv.org/abs/2609.35575,claim-checked,Abstract and targeted method/results passages; metadata checked separately by arxiv_meta; not independent replication,No substantive discrepancy found in mechanism/setting/numbers checked,none,224d9abe1ec6bd3e60b40eb6ee2bcb7e456c5e132fd8a96fb1949642186f4e34
N401,Train Together or Merge Later? Unifying VLA Experts via a Shared Action Interface,https://arxiv.org/abs/2609.33125,claim-checked,Abstract and targeted method/results passages; metadata checked separately by arxiv_meta; not independent replication,No substantive discrepancy found in mechanism/setting/numbers checked,none,2e725a5059a7302f0f8ccf3157cd11c90c8f2232000714186b6da39f133350d0
N386,Dynamic Manipulation with World-Action Models via Counterfactual Planning,https://arxiv.org/abs/2609.33172,claim-checked,Abstract and targeted method/results passages; metadata checked separately by arxiv_meta; not independent replication,No substantive discrepancy found in mechanism/setting/numbers checked,none,52e31b21227ad22f80888ad95515cd868fe49fe627aad97cf249ff0d98367795
N379,Beyond Conservatism: Recoverability-Conditioned Exploration for Model-Based Imitation Learning,https://arxiv.org/abs/2609.33336,claim-checked,Abstract and targeted method/results passages; metadata checked separately by arxiv_meta; not independent replication,No substantive discrepancy found in mechanism/setting/numbers checked,none,8d767c7245d4f0a02cf4aa446f58aecdbf0ced749d52117781021794adf72fea
N375,DexTaG: Tactile-as-Guidance in Reinforcement Learning for Dexterous Manipulation,https://arxiv.org/abs/2609.33882,claim-checked,Abstract and targeted method/results passages; metadata checked separately by arxiv_meta; not independent replication,No substantive discrepancy found in mechanism/setting/numbers checked,none,e807f967fcb018cc242b65278a21a22f811f5dcc82b05f5379e7e33ad9502925
N374,FoLD: Force-Informed Learning for Dexterous Articulated Object Manipulation,https://arxiv.org/abs/2609.33551,claim-checked,Abstract and targeted method/results passages; metadata checked separately by arxiv_meta; not independent replication,No substantive discrepancy found in mechanism/setting/numbers checked,none,8fd9b13a01b117e69f8d7b6cd3021bfa25e4f7307533cbf6af63ff9fa9ed8bb2
N372,SwingRL: Adaptive Observation Reinforcement Learning with World-Model Prediction for Cable-Suspended Hoisting Control,https://arxiv.org/abs/2609.33053,claim-checked,Abstract and targeted method/results passages; metadata checked separately by arxiv_meta; not independent replication,No substantive discrepancy found in mechanism/setting/numbers checked,none,9914f5ca08d08fb637ba56d93088560dc792eeea6b5b645794e1ce3b0af786a0
N255,Safe Score Matching: Diffusion Policies with Hamilton-Jacobi Reachability for Online Safe Reinforcement Learning,https://arxiv.org/abs/2609.33337,claim-checked,Abstract and targeted method/results passages; metadata checked separately by arxiv_meta; not independent replication,No substantive discrepancy found in mechanism/setting/numbers checked,none,d5f2d912e70e33b7d81a228fe44080b3f58169e237138c569a682400ff76db46
N231,Steer2Grasp: Inference-Time Embodiment-Aware Steering for Diverse Physically Feasible Grasp Diffusion,https://arxiv.org/abs/2609.33546,claim-checked,Abstract and targeted method/results passages; metadata checked separately by arxiv_meta; not independent replication,No substantive discrepancy found in mechanism/setting/numbers checked,none,afaea1d6a1798f2337f84f2fb8ff5fa3227b8a17bfd9425c28235aa67b365146
N227,Is Online Interaction Necessary for Recovery? A Minimalist Approach to Robust Planning via Perturbation,https://arxiv.org/abs/2609.33049,claim-checked,Abstract and targeted method/results passages; metadata checked separately by arxiv_meta; not independent replication,No substantive discrepancy found in mechanism/setting/numbers checked,none,1dc3cc8b94c4d8b2fc4e98c41aa7f4c56ff8a7c9420c58e4521ab4074c8e383f
N142,Evolving Dexterous Robots from Scratch,https://arxiv.org/abs/2609.33101,claim-checked,Abstract and targeted method/results passages; metadata checked separately by arxiv_meta; not independent replication,No substantive discrepancy found in mechanism/setting/numbers checked,none,b334fd3ed1e3ecee0f472b0afe3a3a73f4c5c09f92469df04205ca92cb103faf
N122,Test-Time Spatial Reasoning for Robot Manipulation Using Generative Real-to-Sim,https://arxiv.org/abs/2609.33982,claim-checked,Abstract and targeted method/results passages; metadata checked separately by arxiv_meta; not independent replication,No substantive discrepancy found in mechanism/setting/numbers checked,none,299542225c1374f11208a68aaac8d20c7c88610e75e332e73d7720dec28eb071
N121,ZeroBot: Learning from Scratch in Minutes with Generative Real2Sim,https://arxiv.org/abs/2609.34010,claim-checked,Abstract and targeted method/results passages; metadata checked separately by arxiv_meta; not independent replication,No substantive discrepancy found in mechanism/setting/numbers checked,none,1848fca24d28409a2fba487fd84ff92c0df4f6ec9bff29ff4f1c5e690439a042
N066,Robot-GST: geometry-aware spatial-temporal robot policy representation and evaluation,https://arxiv.org/abs/2609.33872,claim-checked,Abstract and targeted method/results passages; metadata checked separately by arxiv_meta; not independent replication,No substantive discrepancy found in mechanism/setting/numbers checked,none,888636b68bff8c17f5ac641eea8bd7965dc26816688e51589c11033916901633
N064,Recursive Harness Distillation across Agents for Robot Manipulation,https://arxiv.org/abs/2609.33378,claim-checked,Abstract and targeted method/results passages; metadata checked separately by arxiv_meta; not independent replication,No substantive discrepancy found in mechanism/setting/numbers checked,none,2c0d87472770ba470ea96abc7fb26f4733226e4d6b19328a37561a0d915cd8b9
N045,Schrödinger–Föllmer Actor–Critic: Diffusion Policy Improvement with Finite-Sample Analysis,https://arxiv.org/abs/2609.33239,claim-checked,Abstract and targeted method/results passages; metadata checked separately by arxiv_meta; not independent replication,No substantive discrepancy found in mechanism/setting/numbers checked,none,4a435d626e9c5af1b42033c20db3e83bca7e8d337c395069935b44af4f2f3c26
N037,ActionGround: Training-Free Runtime Refinement of Frozen VLA Policies,https://arxiv.org/abs/2609.33256,claim-checked,Abstract and targeted method/results passages; metadata checked separately by arxiv_meta; not independent replication,No substantive discrepancy found in mechanism/setting/numbers checked,none,ad4c84944e8cf224fbc6affa69f204b2a49d9d74a343780732076b0ce847a167
N011,Achieve What You Imagined: Learning to Align Actions with Visual Plans,https://arxiv.org/abs/2609.33832,claim-checked,Abstract and targeted method/results passages; metadata checked separately by arxiv_meta; not independent replication,No substantive discrepancy found in mechanism/setting/numbers checked,none,a37d4f27b147ade2614616955c32527f1a006cdf8b775cc741b3a276203260bb
C443,TimelyDAgger: Timing-Aware Expert Querying for VLA Policy Improvement,https://arxiv.org/abs/2609.33157,claim-checked,Abstract and targeted method/results passages; metadata checked separately by arxiv_meta; not independent replication,No substantive discrepancy found in mechanism/setting/numbers checked,none,d4cf67ab67c43f0c73fb502151a298de47ddaf00aaa8b4c1d17145382f51232e
C413,Principal Steering Subspaces for Online Adaptation of Frozen Generative Robot Policies (PSS),https://arxiv.org/abs/2609.33765,claim-checked,Abstract and targeted method/results passages; metadata checked separately by arxiv_meta; not independent replication,No substantive discrepancy found in mechanism/setting/numbers checked,none,50b46abc7f9814a31def3f556f7d97b328f37c159a19794f9ce6e9fbc16ab6e5
N389,RecastVLA: From Past Interaction to Future Control with Adaptive Policy States,https://arxiv.org/abs/2609.32155,claim-checked,Abstract and targeted method/results passages; metadata checked separately by arxiv_meta; not independent replication,No substantive discrepancy found in mechanism/setting/numbers checked,none,616ca55ae33b6ce9de7b732ba5a6294333bf82265f157f53a9aedcd7dc661e82
N378,Timestep Weighting: A Hidden Key to Effective ELBO-Based Flow-Matching RL,https://arxiv.org/abs/2609.32665,claim-checked,Abstract and targeted method/results passages; metadata checked separately by arxiv_meta; not independent replication,No substantive discrepancy found in mechanism/setting/numbers checked,none,2357b512efe9fbcd802308d5d52e8f7628ba14ec185e4ba90890cf16353c3a30
N402,SAMBAR: Selective Anchoring via Method of Multipliers for Balanced Knowledge Acquisition and Retention in Vision-Language-Action Models,https://arxiv.org/abs/2609.32108,claim-checked,Abstract and targeted method/results passages; metadata checked separately by arxiv_meta; not independent replication,No substantive discrepancy found in mechanism/setting/numbers checked,none,b87f6d4cbb1d537a000d71302f3853d162b6b70a81198877452298f72d747424
N369,Residual Denoising Enables Sample-Efficient Multi-Agent Coordination on Demand,https://arxiv.org/abs/2609.32129,claim-checked,Abstract and targeted method/results passages; metadata checked separately by arxiv_meta; not independent replication,No substantive discrepancy found in mechanism/setting/numbers checked,none,5181e3ef0a6181ffae939b96edf7aa260422661399f1ea0d9d6ce0779eac132c
N259,From Static Policies to Adaptive Priors in Offline Reinforcement Learning,https://arxiv.org/abs/2609.35880,claim-checked,Abstract and targeted method/results passages; metadata checked separately by arxiv_meta; not independent replication,No substantive discrepancy found in mechanism/setting/numbers checked,none,b9031d416d7f62fb82007f75e6afec08da1f7b8c735934889b226ef5ec16ac43
N257,"Rank Collapse Is Recoverable, Growing |Q| Is Not: Out-of-Sample Early Warning for Value Divergence in High-UTD Soft Actor-Critic",https://arxiv.org/abs/2609.32819,claim-checked,Abstract and targeted method/results passages; metadata checked separately by arxiv_meta; not independent replication,No substantive discrepancy found in mechanism/setting/numbers checked,none,48a82dd028cbce0101cf4ce0378810a288923b3ec6d560951d4adbd07b8410df
N001,Cooperative Multi-Agent Vision-Language-Action Models via Reinforced Fine Tuning,https://arxiv.org/abs/2609.36588,claim-checked,Abstract and targeted method/results passages; metadata checked separately by arxiv_meta; not independent replication,No substantive discrepancy found in mechanism/setting/numbers checked,none,9ae27887b17b939c47fd6f725c9c6a9f83af5c52d8ee5245de0e64655d732f56
N256,Constrained Flow Policy Updates: A Generalized Schrödinger Bridge View,https://arxiv.org/abs/2609.32952,claim-checked,Abstract and targeted method/results passages; metadata checked separately by arxiv_meta; not independent replication,No substantive discrepancy found in mechanism/setting/numbers checked,none,4b30fab893c2450e2ece9ddf3fd13d7c035968ad267aa1dde6e86c8bd0cd8eda
N253,MA-FPPO: Multi-Agent Flow-Pretrained Policy Optimization,https://arxiv.org/abs/2609.32594,claim-checked,Abstract and targeted method/results passages; metadata checked separately by arxiv_meta; not independent replication,No substantive discrepancy found in mechanism/setting/numbers checked,none,81d8b5f59e34173f4ea2a78821680b62037587ac19afdb7ee8ad8f6b70332186
N240,Beyond Scripted Search: Sample-Efficient Reward Discovery via Agentic Black-box Optimization,https://arxiv.org/abs/2609.32394,claim-checked,Abstract and targeted method/results passages; metadata checked separately by arxiv_meta; not independent replication,No substantive discrepancy found in mechanism/setting/numbers checked,none,7c3212b53784f6d00d841d933738bbc929c73415714e63564a4c01bcd2ea4a3b
N226,RE-0: Verified Recursive Improvement of Embodied Code-as-Policy Agents through Local On-Policy Distillation,https://arxiv.org/abs/2609.32416,claim-checked,Abstract and targeted method/results passages; metadata checked separately by arxiv_meta; not independent replication,No substantive discrepancy found in mechanism/setting/numbers checked,none,f1cf5c5004cfd764d6c9b838cc625010f347f5348f65f6ec1097759380c9fe0b
N063,RoboFoundry: System-as-Policy Evolution for Self-Learning Embodied Agents,https://arxiv.org/abs/2609.32862,claim-checked,Abstract and targeted method/results passages; metadata checked separately by arxiv_meta; not independent replication,No substantive discrepancy found in mechanism/setting/numbers checked,none,d413232b9f1ada421f6b9c8d14b945a2b197608435b26a4994ea3949b4051923
N017,SEES: A Self-Evolving Embodied System via Failure-Guided VLA Policy Adaptation,https://arxiv.org/abs/2609.32698,claim-checked,Abstract and targeted method/results passages; metadata checked separately by arxiv_meta; not independent replication,No substantive discrepancy found in mechanism/setting/numbers checked,none,6ddd8de1ea44d372baaec809ef8abe91c8a0030a392e8e65868403a5946714dc
N390,Causeway: Restoring Task Accessibility for Instruction Switching in VLA Policies,https://arxiv.org/abs/2609.30913,claim-checked,Abstract and targeted method/results passages; metadata checked separately by arxiv_meta; not independent replication,No substantive discrepancy found in mechanism/setting/numbers checked,none,3f56cfa6377291ec3fb7c2435343096f51ce1380fda10f4bd4c31e40fcaa6b21
N387,MA-WAM: Multi-Agent World-Action Model for Test-Time Planning,https://arxiv.org/abs/2609.31281,claim-checked,Abstract and targeted method/results passages; metadata checked separately by arxiv_meta; not independent replication,No substantive discrepancy found in mechanism/setting/numbers checked,none,f12742c0cac12446921767e5d8c2f2c0ca8b34d244c92187a647f8c372c761ec
N254,G2MAF: Test-Time Gradient Guidance for Multi-Agent Flow Policies,https://arxiv.org/abs/2609.31286,claim-checked,Abstract and targeted method/results passages; metadata checked separately by arxiv_meta; not independent replication,No substantive discrepancy found in mechanism/setting/numbers checked,none,fe820653eaa69a4edd8dfc1731ad4fd226fdd5c3bd436f30af1f6c095b406c99
N215,Learning to Leverage Compliance: A Policy-Admittance Learning Framework for Robotic Insertion,https://arxiv.org/abs/2609.31439,claim-checked,Abstract and targeted method/results passages; metadata checked separately by arxiv_meta; not independent replication,No substantive discrepancy found in mechanism/setting/numbers checked,none,5ba584ff354ee9bae7b918d0c9e4bd724555ddf2194c9bbf835c1c266500ce74
N138,Multi-Objective Human-in-the-Loop Bayesian Optimization of a Lower-Limb Exoskeleton,https://arxiv.org/abs/2609.30695,claim-checked,Abstract and targeted method/results passages; metadata checked separately by arxiv_meta; not independent replication,No substantive discrepancy found in mechanism/setting/numbers checked,none,3dfa19baca71519486849f7462320ff86e17f7722d199920990a0a89ec1a5b44
N132,"Generate, Track, Improve: Perceptive Multi-Skill Humanoid Locomotion with RL-Fine-Tuned Motion Generators",https://arxiv.org/abs/2609.31577,claim-checked,Abstract and targeted method/results passages; metadata checked separately by arxiv_meta; not independent replication,No substantive discrepancy found in mechanism/setting/numbers checked,none,932d0ca9c0f40501ed6211a22561aa74f0721d57c676a8ed4e1d4cfac706e6ab
N119,Precision at Speed: Sample-Efficient Online Model-Based Reinforcement Learning for Hydraulic Excavator Control,https://arxiv.org/abs/2609.31025,claim-checked,Abstract and targeted method/results passages; metadata checked separately by arxiv_meta; not independent replication,No substantive discrepancy found in mechanism/setting/numbers checked,none,0ee878c157fa8999e0e1387d18403c1e180eaac039ace7eb4cd060a97f6fa7ca
N103,HapticWorld: an Interactive World Simulator with Real-time Torque Feedback,https://arxiv.org/abs/2609.31924,claim-checked,Abstract and targeted method/results passages; metadata checked separately by arxiv_meta; not independent replication,No substantive discrepancy found in mechanism/setting/numbers checked,none,14428799dd8072fd3080f63d335d42d76141bfa4a7ef13c1c1800d572c38fa08
N101,Learning Robot Policies from Sparse Success Signals via STL-Guided Stein Variational Policy Gradient,https://arxiv.org/abs/2609.31606,claim-checked,Abstract and targeted method/results passages; metadata checked separately by arxiv_meta; not independent replication,No substantive discrepancy found in mechanism/setting/numbers checked,none,6c32a8fcd1e58b0022d8d66f7db5adcfd39574fb1fd668768107e9865d240202
N070,Towards VLA-Dreamer: Refining VLA Behavior Using World Models,https://arxiv.org/abs/2609.31313,claim-checked,Abstract and targeted method/results passages; metadata checked separately by arxiv_meta; not independent replication,No substantive discrepancy found in mechanism/setting/numbers checked,none,0adb031480ebe5d3200ddf933394efd1ed441654d5f94697c1a0e611ab323a3d
N067,RoboMonitor: Label-Efficient Runtime Monitoring of Robot Task Execution via Predictive Representation Learning,https://arxiv.org/abs/2609.30715,claim-checked,Abstract and targeted method/results passages; metadata checked separately by arxiv_meta; not independent replication,No substantive discrepancy found in mechanism/setting/numbers checked,none,68c0c1b83c1062891e49e30c557cec722d31c859b11b0c49bd59b2aed5d36d1e
N027,PHIRL: Aligning Learned Rewards with Task Progress for Inverse Reinforcement Learning,https://arxiv.org/abs/2609.31855,claim-checked,Abstract and targeted method/results passages; metadata checked separately by arxiv_meta; not independent replication,No substantive discrepancy found in mechanism/setting/numbers checked,none,8c71b4d37b3d4d69cfbf48bea14f8cbbd7a01b5f1ec9a685ef674262266b5682
N023,Kintsugi-VLA: Turning Failed Robot Rollouts into Recovery Data through Interventional Recoverability,https://arxiv.org/abs/2609.31048,claim-checked,Abstract and targeted method/results passages; metadata checked separately by arxiv_meta; not independent replication,No substantive discrepancy found in mechanism/setting/numbers checked,none,f20a10e28a78fc425e53da39e819a0447ae454f610c02aa163f1b102090919a7
C425,VLaRL: Augmenting Vision-Language-Action Models with Simulation-Trained Latent-Conditioned Residual RL,https://arxiv.org/abs/2609.30868,claim-checked,Abstract and targeted method/results passages; metadata checked separately by arxiv_meta; not independent replication,No substantive discrepancy found in mechanism/setting/numbers checked,none,46e31d81bdeaec8e1e94d23c74e6043bd88793094f39efe8b6868b5c9d73e567
C420,Find Something You Can't Do: Agentic Real-World Reinforcement Learning for Self-Improving VLA Models (FIND),https://arxiv.org/abs/2609.32069,claim-checked,Abstract and targeted method/results passages; metadata checked separately by arxiv_meta; not independent replication,No substantive discrepancy found in mechanism/setting/numbers checked,none,d95634fdd0d6d2e23b74e05cbcdfa7f1180dee39b39de219676832586d8bf67c
N416,Training-free Behavior Cloning,https://arxiv.org/abs/2609.30134,claim-checked,Abstract and targeted method/results passages; metadata checked separately by arxiv_meta; not independent replication,No substantive discrepancy found in mechanism/setting/numbers checked,none,70b33c17e84f1c9f2b906d6611964626bc817b78d156444ddf2c65f564c98654
N393,World Action Agent: Harnessing VLMs for Robot Manipulation via World Action Rehearsal,https://arxiv.org/abs/2609.29964,claim-checked,Abstract and targeted method/results passages; metadata checked separately by arxiv_meta; not independent replication,No substantive discrepancy found in mechanism/setting/numbers checked,none,59abcffc779687762e83b53f850728b419dd0e990c5aea77fe5cc8c68f35ea6e
N392,Aim Short to Reach Far: Your Frozen World Model Can Plan Better Than You Think,https://arxiv.org/abs/2609.30036,claim-checked,Abstract and targeted method/results passages; metadata checked separately by arxiv_meta; not independent replication,No substantive discrepancy found in mechanism/setting/numbers checked,none,322ddb566e45399d3073a17501fe724d368081ebcd96776206ef8d2be83303ef
N247,"RACaP: Agentic Reasoning, Acting, and Coding as Policies for Evolvable Robot Learning",https://arxiv.org/abs/2609.29394,claim-checked,Abstract and targeted method/results passages; metadata checked separately by arxiv_meta; not independent replication,No substantive discrepancy found in mechanism/setting/numbers checked,none,52da05df0c0ce76f1cc03f0cf1e2fe5cccac59c6f855f928816480c055fab560
N246,HarnessPAI: An Evolving Harness for Physical AI,https://arxiv.org/abs/2609.29166,claim-checked,Abstract and targeted method/results passages; metadata checked separately by arxiv_meta; not independent replication,No substantive discrepancy found in mechanism/setting/numbers checked,none,4ec5ee0aa5e3691a3476b1aa9d40280c37263d2e3ae0e6cf7f61100a465ef374
N245,AdaHVLA: Adaptive Harnesses for Long-Horizon Vision-Language-Action Execution,https://arxiv.org/abs/2609.29204,claim-checked,Abstract and targeted method/results passages; metadata checked separately by arxiv_meta; not independent replication,No substantive discrepancy found in mechanism/setting/numbers checked,none,944c8f88d96577785d780322373e13233bb2f0cb6261e6a022259799d905635c
N394,ProTracer: Proprioception-Guided Failure Diagnosis in Robot Manipulation,https://arxiv.org/abs/2609.21369,claim-checked,Abstract and targeted method/results passages; metadata checked separately by arxiv_meta; not independent replication,No substantive discrepancy found in mechanism/setting/numbers checked,none,0867f8764993e6479282a51b27b1d917967e796a8919984f192c40f5216d41eb
N373,Stability-aware Residual Reinforcement Learning Framework for Robotic Manipulator Disturbance Compensation,https://arxiv.org/abs/2609.21307,claim-checked,Abstract and targeted method/results passages; metadata checked separately by arxiv_meta; not independent replication,No substantive discrepancy found in mechanism/setting/numbers checked,none,3778f1d253625ab3ffa06ba11adf54c341688e724d4ecad4dfcf899283306b65
N371,"Fewer Steps, Better Actions: Rethinking Flow-Matching Inference for VLA Policies",https://arxiv.org/abs/2609.21216,claim-checked,Abstract and targeted method/results passages; metadata checked separately by arxiv_meta; not independent replication,No substantive discrepancy found in mechanism/setting/numbers checked,none,eb905372689519402de3869c160f8a784326205d25aee67e37d15db7cdac4ca2
N236,Sandwich-Residuals: Parameter-Efficient Test-time Adaptation of World Models,https://arxiv.org/abs/2609.21740,claim-checked,Abstract and targeted method/results passages; metadata checked separately by arxiv_meta; not independent replication,No substantive discrepancy found in mechanism/setting/numbers checked,none,3a5c82a22055d6f070f271ff9c5ea6be5e555f1405a8c4c7fc260cf255a02a7f
N234,FRAMES: Failure Recovery And Monitoring of Embodied Skills for Humanoid Loco-Manipulation,https://arxiv.org/abs/2609.22538,claim-checked,Abstract and targeted method/results passages; metadata checked separately by arxiv_meta; not independent replication,No substantive discrepancy found in mechanism/setting/numbers checked,none,7041bb4c6ced20bb2265d52ef25fdac632411f7ae7eeb1dc36ba82d63c4fec3b
N229,CommitFlow: Semantic Commitment Verification and Local Correction for Long-Horizon Robot Manipulation VLA Execution,https://arxiv.org/abs/2609.21908,claim-checked,Abstract and targeted method/results passages; metadata checked separately by arxiv_meta; not independent replication,No substantive discrepancy found in mechanism/setting/numbers checked,none,73db82263d41d24a030668c0653416f2b33e56715d484b76f194276f69964d9e
N225,CARF: Contrastive Attraction-Repulsion of Failure-Guided Flow Matching,https://arxiv.org/abs/2609.21982,claim-checked,Abstract and targeted method/results passages; metadata checked separately by arxiv_meta; not independent replication,No substantive discrepancy found in mechanism/setting/numbers checked,none,3865f5b722008f8785eb4b62dc9f928d0f518bdca406f5abf014d78744139a1f
N219,CounterPlay: Counterfactual Post-Training for Self-Play Driving Policies,https://arxiv.org/abs/2609.21617,claim-checked,Abstract and targeted method/results passages; metadata checked separately by arxiv_meta; not independent replication,No substantive discrepancy found in mechanism/setting/numbers checked,none,cf39e29d9e98d1a8ec542a1e3d7c6c357c68ceb00930f385c8389c6540e8b61a
N123,A Sim-to-Real Integration Pipeline for Training and Deployment of Chunk-Based VLA Manipulation Policies,https://arxiv.org/abs/2609.21817,claim-checked,Abstract and targeted method/results passages; metadata checked separately by arxiv_meta; not independent replication,No substantive discrepancy found in mechanism/setting/numbers checked,none,4b55ec433cb45aca38fd1c9a9225ac46c2bd9c189cff86ee9b9b75c9681a9bee
N104,Latent Policy Steering: An Efficient and Flexible Framework for Cross-Embodiment Transfer,https://arxiv.org/abs/2609.22521,claim-checked,Abstract and targeted method/results passages; metadata checked separately by arxiv_meta; not independent replication,No substantive discrepancy found in mechanism/setting/numbers checked,none,4d9f19f07d93856eef9e1ad2bb0b3d2a0a328547f87f629ec6c438cd48f78168
N094,Scaling Vision-Language Reward Learning for Robot Manipulation in Parallel Simulation,https://arxiv.org/abs/2609.21767,claim-checked,Abstract and targeted method/results passages; metadata checked separately by arxiv_meta; not independent replication,No substantive discrepancy found in mechanism/setting/numbers checked,none,8b9025eb0d6cdd599f568062c6c22c1fdd6fabf036627beeba7c13ca2555bd14
N075,VLA-Scope: Shift-Aware Failure Prediction for Vision-Language-Action Models,https://arxiv.org/abs/2609.21246,claim-checked,Abstract and targeted method/results passages; metadata checked separately by arxiv_meta; not independent replication,No substantive discrepancy found in mechanism/setting/numbers checked,none,bb3b11912d217daef024aa06d55a2744f2e861b286e8a75aa6fbc1f359e9a526
N024,VT-Bridge: Bridging Pretrained Foundation VLAs to VTLAs via Lightweight Residual Adaptation,https://arxiv.org/abs/2609.22606,claim-checked,Abstract and targeted method/results passages; metadata checked separately by arxiv_meta; not independent replication,No substantive discrepancy found in mechanism/setting/numbers checked,none,163a92ee12d4f7a0a35d6871ac11acc571b93567860f9615a324cb5a746c0463
N002,SynthDemo-RL: Breaking the Zero-Reward Barrier in VLA Adaptation with LLM-Guided Synthetic Demonstrations,https://arxiv.org/abs/2609.21650,claim-checked,Abstract and targeted method/results passages; metadata checked separately by arxiv_meta; not independent replication,No substantive discrepancy found in mechanism/setting/numbers checked,none,e6c30c14c7ba50e683b799221b95852d649e94ce133335eb0bfbfced3ad825eb
C438,SeeQ: Training Generalist Value Functions for Long-Horizon Robotic Manipulation,https://arxiv.org/abs/2609.22085,claim-checked,Abstract and targeted method/results passages; metadata checked separately by arxiv_meta; not independent replication,No substantive discrepancy found in mechanism/setting/numbers checked,none,a43f67ad9f5bd36cefbd1a4880f2a69664138fb52e256634ca92983d5fc4cf8a
C414,From Pretraining to Proficiency: Real-World Subtask RL for Long-Horizon Manipulation with Minimal Human Intervention (PARTS: Policy Adaptation with RL on Targeted Subtasks),https://arxiv.org/abs/2609.21788,claim-checked,Abstract and targeted method/results passages; metadata checked separately by arxiv_meta; not independent replication,No substantive discrepancy found in mechanism/setting/numbers checked,none,e9bb6505420490a232899c3d28a9e14618b7481d866388c27e0f4cccb1a37e48
N407,Learning and Transferring Closed-Loop Robot Software,https://arxiv.org/abs/2609.19906,claim-checked,Abstract and targeted method/results passages; metadata checked separately by arxiv_meta; not independent replication,No substantive discrepancy found in mechanism/setting/numbers checked,none,ac95d4dc4743e8b7faaccab462148b91252129fe0e5fed80c4aba61b6b9764dd
N400,Accelerating Visual Policy Learning with Sampling-Based Model Predictive Control,https://arxiv.org/abs/2609.20575,claim-checked,Abstract and targeted method/results passages; metadata checked separately by arxiv_meta; not independent replication,No substantive discrepancy found in mechanism/setting/numbers checked,none,b34bf41337bded50855f007bbbd7a5d45d59f95def14f5ee696616ca63ebd25c
N395,StageGuard: Learning Stage Transitions for Long-Horizon Robot Tasks via Agentic Distillation,https://arxiv.org/abs/2609.20791,claim-checked,Abstract and targeted method/results passages; metadata checked separately by arxiv_meta; not independent replication,No substantive discrepancy found in mechanism/setting/numbers checked,none,8638a3fc5141d4344d58c1ca8ad31d7743ede92155688bac6ed378239cdd449b
N380,WM-VS: Progress-Aligned World Models for Closed-Loop Visual Servoing,https://arxiv.org/abs/2609.20892,claim-checked,Abstract and targeted method/results passages; metadata checked separately by arxiv_meta; not independent replication,No substantive discrepancy found in mechanism/setting/numbers checked,none,4906f1bf352a8f7062dc6ca2f4da070aaf58afcdc6b2dff4e19b5b2cc9c48f95
N377,REFINEPPO: Learning Continuous Control Policies by Iterative Action Refinement,https://arxiv.org/abs/2609.21108,claim-checked,Abstract and targeted method/results passages; metadata checked separately by arxiv_meta; not independent replication,No substantive discrepancy found in mechanism/setting/numbers checked,none,d4cf00980a9ccc23066d5f1f91deb683de7a2841ef26c06623e19a1b20cf9079
N244,Visual Sim-to-Real Learning for Robotic Insertion under Geometric Variations: Application to Rebar Installation,https://arxiv.org/abs/2609.20477,claim-checked,Abstract and targeted method/results passages; metadata checked separately by arxiv_meta; not independent replication,No substantive discrepancy found in mechanism/setting/numbers checked,none,be76f07c412bfec43c4390e2847268cb68a0ea59bd3bb94e83fe9509abbdb2a3
N220,Hybrid Residual Reinforcement Learning for Contact-Rich Robotic Book Insertion,https://arxiv.org/abs/2609.19962,claim-checked,Abstract and targeted method/results passages; metadata checked separately by arxiv_meta; not independent replication,No substantive discrepancy found in mechanism/setting/numbers checked,none,fc3c4e26c33f481e107d050c139f1145744049b46aa19b2cfaafac8d0f55c5d3
N163,Catch Me If You Can: Real-Time Feedback Denoising for Responsive VLAs,https://arxiv.org/abs/2609.21022,claim-checked,Abstract and targeted method/results passages; metadata checked separately by arxiv_meta; not independent replication,No substantive discrepancy found in mechanism/setting/numbers checked,none,923ff10c98a17af2bf970564d757278d4752a498efa367418b85c26a091a1a63
N140,Diverse and Adaptable Arm Coordination for Octopus-Crawling via Diffusion-Based Uncertainty-Aware Optimization,https://arxiv.org/abs/2609.21138,claim-checked,Abstract and targeted method/results passages; metadata checked separately by arxiv_meta; not independent replication,No substantive discrepancy found in mechanism/setting/numbers checked,none,3f8457fe06f273cf2158158a143a6923d7e8a9945c950fb1d523b25c630fac3c
N108,WorldContact: A Contact-Centric World Model for Scalable Robot Learning,https://arxiv.org/abs/2609.19600,claim-checked,Abstract and targeted method/results passages; metadata checked separately by arxiv_meta; not independent replication,No substantive discrepancy found in mechanism/setting/numbers checked,none,86ecd8915dd2f516a7bf5beb5a162cd08ddd9d91bd62cd466daef76d47e50e55
N106,DexTouch-WM: Learning Action-Conditioned Tactile World Models from Human Touch for Dexterous Robot Manipulation,https://arxiv.org/abs/2609.20649,claim-checked,Abstract and targeted method/results passages; metadata checked separately by arxiv_meta; not independent replication,No substantive discrepancy found in mechanism/setting/numbers checked,none,4ce1a3d74d2565bd5bbdcbe40d6bcdb7234016c0c8c72161c23606c1cc6eb790
N076,MAGMA-GEN: Validated Recovery Supervision from Ambiguous Failures via Counterfactual Re-Execution,https://arxiv.org/abs/2609.20056,claim-checked,Primary arXiv abstract and journal-reference metadata; HTML body unavailable,No substantive discrepancy found in mechanism/setting/numbers checked,none,af2e37e083f6112981440c2478d54ff6bca796e9349e523ebd8bdfeeae9a2f69
N059,EmbodiedMind: Adaptive Data Curation and Prefix-Tree Reinforcement Learning for Efficient Embodied Intelligence,https://arxiv.org/abs/2609.19659,claim-checked,Abstract and targeted method/results passages; metadata checked separately by arxiv_meta; not independent replication,No substantive discrepancy found in mechanism/setting/numbers checked,none,8dde6bb4462f6a7a371df5da7fb7e29d0f6d7ed30600a94e906d59e711a2b523
N056,OPTED: On-Policy Fine-Tuning for End-to-End Driving using a Render-Free Teacher,https://arxiv.org/abs/2609.20756,claim-checked,Abstract and targeted method/results passages; metadata checked separately by arxiv_meta; not independent replication,No substantive discrepancy found in mechanism/setting/numbers checked,none,4017533f82e0985a007805d0be73fbab42bc02db4ca03ae6754fc650bf14bbc6
N048,GR2PO: Group Relative Return Policy Optimization for Continuous Robot Control,https://arxiv.org/abs/2609.19850,claim-checked,Abstract and targeted method/results passages; metadata checked separately by arxiv_meta; not independent replication,No substantive discrepancy found in mechanism/setting/numbers checked,none,b5c5f3c3f3cd776e793cb2621677358ec34bf0192711841ab940690036ef1b80
N029,AnyviewMeter: Adapting Robotic Reward Models with Camera Geometry and Multi-View Attention,https://arxiv.org/abs/2609.20106,claim-checked,Abstract and targeted method/results passages; metadata checked separately by arxiv_meta; not independent replication,No substantive discrepancy found in mechanism/setting/numbers checked,none,da35c8edabcdfac525e60a55ab53c8dce8403c763a91b7d1db0ea6a6c97abe54
C451,TraceFlow: Guiding Frozen Flow-Matching Robot Policies with Success and Failure Traces,https://arxiv.org/abs/2609.20646,claim-checked,Abstract and targeted method/results passages; metadata checked separately by arxiv_meta; not independent replication,No substantive discrepancy found in mechanism/setting/numbers checked,none,cf5ca3d35395b3be780c14c1986628c5766301f703979d91d6605af03fa6e3e2
C447,DEXTERA: From a Single Image to Deployable Dexterous Manipulation via Real-to-Sim-to-Real,https://arxiv.org/abs/2609.21045,claim-checked,Abstract and targeted method/results passages; metadata checked separately by arxiv_meta; not independent replication,No substantive discrepancy found in mechanism/setting/numbers checked,none,e5b3313423e7384a6e8748f1f811c92793c757c572f4cb2b2f8b34989ec577bc
C423,Towards High-DoF Dexterous Manipulation through VLA Post-Training,https://arxiv.org/abs/2609.19666,claim-checked,Abstract and targeted method/results passages; metadata checked separately by arxiv_meta; not independent replication,No substantive discrepancy found in mechanism/setting/numbers checked,none,949debcccc652ec27eaafc198ad258a0abf2fedd110f1015c496993fec0b36e8
C422,HIL-UMI: Bringing Human-in-the-Loop Post-Training of Vision-Language-Action Models to Universal Manipulation Interface,https://arxiv.org/abs/2609.20659,claim-checked,Abstract and targeted method/results passages; metadata checked separately by arxiv_meta; not independent replication,No substantive discrepancy found in mechanism/setting/numbers checked,none,76831fcd72111b5440edb6d383e3f151c8c77cd2e7d1b807190ff06a6af18560
N417,Rethinking Critic Learning in PPO: Understanding and Mitigating Value Flattening,https://arxiv.org/abs/2609.18708,claim-checked,Abstract and targeted method/results passages; metadata checked separately by arxiv_meta; not independent replication,No substantive discrepancy found in mechanism/setting/numbers checked,none,68c942134a763a51977d62a35ea8a07dad47f11c03563669c697c77fdc43de51
N414,ForceDelta-VLA: Distilling Force-Conditioned Action Corrections for Contact-Rich Manipulation,https://arxiv.org/abs/2609.18242,corrected,Abstract and targeted method/results passages; metadata checked separately by arxiv_meta; not independent replication,Peak-force reduction is measured over successful trials; add denominator restriction.,minor,c7c0a544110c4f51ef26b20fac20f47082a97dedb6fcaa4a874a5fedb34b0493
N404,Not All Layers Need Tuning: Diagnosing and Directing Adaptation in Vision-Language-Action Models,https://arxiv.org/abs/2609.18084,corrected,Abstract and targeted method/results passages; metadata checked separately by arxiv_meta; not independent replication,Replace matches full fine-tuning with exact 21/30 versus22/30; no equivalence test established.,minor,8b8065058072cfa3c93827bff977c3bf1aea2019683cd95008a3184b430726ee
N243,Function-Preserving Data Generation for Zero-Shot Real-to-Sim-to-Real Manipulation,https://arxiv.org/abs/2609.18293,claim-checked,Abstract and targeted method/results passages; metadata checked separately by arxiv_meta; not independent replication,No substantive discrepancy found in mechanism/setting/numbers checked,none,71928a098c4a2df8412c03ff32e3c790653006ffe851fa512c00e3cd932d7af5
N237,Characterizing Replay Retention Under Dynamics Shift in Model-Based Reinforcement Learning,https://arxiv.org/abs/2609.18167,claim-checked,Abstract and targeted method/results passages; metadata checked separately by arxiv_meta; not independent replication,No substantive discrepancy found in mechanism/setting/numbers checked,none,832f510400db06b6fdd8150cf970721d93f8d09f6005b14eda2d3e7a45aec407
N077,RAFAIL: Relationship-Aware Failure Detection for Robotic Manipulation,https://arxiv.org/abs/2609.18324,claim-checked,Abstract and targeted method/results passages; metadata checked separately by arxiv_meta; not independent replication,No substantive discrepancy found in mechanism/setting/numbers checked,none,c9a56faaa5372689c44b2f301b4d10467db13c9aba70343f5eacc1abba0cb811
N035,Causal-History Test-Time Scaling for Failure Recovery in Autoregressive World-Action Models,https://arxiv.org/abs/2609.18016,claim-checked,Abstract and targeted method/results passages; metadata checked separately by arxiv_meta; not independent replication,No substantive discrepancy found in mechanism/setting/numbers checked,none,eaf915fa83810c6be0eda20102dc61f6ae2fed892e18c4ad7eec36d933c79d7a
C454,FIERCE: From Generalist Robot Policies to Fast Specialists via Progress-Failure Feedback,https://arxiv.org/abs/2609.18651,claim-checked,Abstract and targeted method/results passages; metadata checked separately by arxiv_meta; not independent replication,No substantive discrepancy found in mechanism/setting/numbers checked,none,c69084a7816ec62f830a7963f73bf21dd657e420b81edd199c904cea7dfa8c94
C421,DistAL: Distance-based Advantage Learning for VLA Fine-Tuning,https://arxiv.org/abs/2609.18392,claim-checked,Abstract and targeted method/results passages; metadata checked separately by arxiv_meta; not independent replication,No substantive discrepancy found in mechanism/setting/numbers checked,none,c85059bff659b8424a00c74aa5ea446cf85e940a4e96683b366d759dda42ca48
C412,Reinforcement Learning for Real-Time Vision-Language-Action Policies (Real-Time EXPO-FT),https://arxiv.org/abs/2609.18207,claim-checked,Abstract and targeted method/results passages; metadata checked separately by arxiv_meta; not independent replication,No substantive discrepancy found in mechanism/setting/numbers checked,none,1ef999af6aeaa5e58022618f6f6b1a6b3fca8de35c4cd6664bfe6ee98f45ba1b
C434,Physical Self-Play,https://www.skild.ai/blogs/physical-self-play,claim-checked,Abstract and targeted method/results passages; metadata checked separately by arxiv_meta; not independent replication,No substantive discrepancy found in mechanism/setting/numbers checked,none,680ca7b245a7872030feed12996ea52f1b4879627f0364ddd300f7833bebb692
C433,"Robot Demos Are Easy. Reliability Is Hard (Jason Ma, Dyna Robotics talk)",https://ai.engineer/talks/Sjfz1TqxzEs-robot-demos-are-easy-reliability-is-hard,claim-checked,"Official event-host timestamped transcript: 8:55, 11:15, 11:38–12:18 and 13:15–13:52; checked by P0 reviewer",No substantive discrepancy found in mechanism/setting/numbers checked,none,2392422ee45407e1c9968f8f1e251cdcd273373b3905c2c9aaed4dac7c1034cd
